player_id,player_name,bat_hand
444482,"Peralta, David",L
453568,"Blackmon, Charlie",L
455117,"Maldonado, Martín",R
456781,"Solano, Donovan",R
457705,"McCutchen, Andrew",R
457759,"Turner, Justin",R
458015,"Votto, Joey",L
462101,"Andrus, Elvis",R
467055,"Sandoval, Pablo",S
467793,"Santana, Carlos",S
493329,"Gurriel, Yuli",R
500743,"Rojas, Miguel",R
500871,"Escobar, Eduardo",S
501303,"Adrianza, Ehire",S
502054,"Pham, Tommy",R
502110,"Martinez, J.D.",R
502671,"Goldschmidt, Paul",R
506702,"León, Sandy",S
514888,"Altuve, Jose",R
516782,"Marte, Starling",R
518595,"d'Arnaud, Travis",R
518692,"Freeman, Freddie",L
518735,"Grandal, Yasmani",S
518792,"Heyward, Jason",L
518934,"LeMahieu, DJ",R
519058,"Moustakas, Mike",L
519203,"Rizzo, Anthony",L
519317,"Stanton, Giancarlo",R
521692,"Perez, Salvador",R
527038,"Flores, Wilmer",R
541645,"García, Avisaíl",R
541650,"Pérez, Hernán",R
542194,"Bethancourt, Christian",R
542208,"Pérez, Carlos",R
542303,"Ozuna, Marcell",R
542364,"Ortega, Rafael",L
542932,"Berti, Jon",R
542963,"Brantly, Rob",L
543063,"Crawford, Brandon",L
543068,"Cron, C.J.",R
543228,"Gomes, Yan",R
543257,"Grossman, Robbie",S
543281,"Harrison, Josh",R
543305,"Hicks, Aaron",S
543309,"Higashioka, Kyle",R
543510,"McCann, James",R
543518,"McGough, Scott",R
543543,"Miller, Brad",L
543592,"Nola, Austin",R
543685,"Rendon, Anthony",R
543760,"Semien, Marcus",R
543807,"Springer, George",R
543877,"Vázquez, Christian",R
543939,"Wong, Kolten",L
544725,"García, Leury",S
545121,"Vargas, Ildemaro",S
545341,"Grichuk, Randal",R
545350,"Marisnick, Jake",R
545358,"Stassi, Max",R
545361,"Trout, Mike",R
546990,"Alford, Anthony",R
546991,"Almora Jr., Albert",R
546994,"Hinojosa, C.J.",R
547180,"Harper, Bryce",L
547379,"Pérez, Roberto",S
547989,"Abreu, José",R
553869,"Díaz, Elias",R
553882,"Narváez, Omar",L
553988,"Machado, Dixon",R
553993,"Suárez, Eugenio",R
570481,"González, Erik",R
570482,"Urshela, Gio",R
570560,"Sánchez, Yolmer",S
571448,"Arenado, Nolan",R
571466,"Barnhart, Tucker",L
571633,"Dugan, Kelly",L
571657,"Farmer, Kyle",R
571745,"Haniger, Mitch",R
571771,"Hernández, Enrique",R
571875,"Lamb, Jake",L
571912,"Maile, Luke",R
571970,"Muncy, Max",L
572008,"Owings, Chris",R
572039,"Piscotty, Stephen",R
572138,"Singleton, Jon",L
572191,"Taylor, Michael A.",R
572204,"Thompson, Trayce",R
572228,"Voit, Luke",R
572233,"Walker, Christian",R
572761,"Carpenter, Matt",L
573262,"Yastrzemski, Mike",L
575929,"Contreras, Willson",R
578428,"Iglesias, Jose",R
592178,"Bryant, Kris",R
592192,"Canha, Mark",R
592200,"Casali, Curt",R
592205,"Casteel, Ryan",R
592206,"Castellanos, Nick",R
592273,"Drury, Brandon",R
592325,"Gamel, Ben",L
592348,"Goodrum, Niko",S
592450,"Judge, Aaron",R
592518,"Machado, Manny",R
592622,"Payton, Mark",L
592626,"Pederson, Joc",L
592660,"Ravelo, Rangel",R
592663,"Realmuto, J.T.",R
592669,"Renfroe, Hunter",R
592696,"Rosario, Eddie",L
592885,"Yelich, Christian",L
593160,"Merrifield, Whit",R
593428,"Bogaerts, Xander",R
593871,"Polanco, Jorge",S
593934,"Sanó, Miguel",R
594807,"Duvall, Adam",R
595281,"Kiermaier, Kevin",S
595284,"Knapp, Andrew",S
595453,"Wallach, Chad",R
595751,"Alfaro, Jorge",R
595777,"Profar, Jurickson",S
595879,"Báez, Javier",R
595909,"Cave, Jake",L
595943,"Evans, Phillip",R
595956,"Gallagher, Cam",R
595978,"Hedges, Austin",R
596019,"Lindor, Francisco",S
596103,"Slater, Austin",R
596115,"Story, Trevor",R
596117,"Stubbs, Garrett",L
596129,"Vogelbach, Daniel",L
596142,"Sánchez, Gary",R
596146,"Kepler, Max",L
596847,"Choi, Ji Man",L
600869,"Candelario, Jeimer",S
602104,"Urías, Ramón",R
605113,"Ahmed, Nick",R
605119,"Anderson, Brian",R
605131,"Barnes, Austin",R
605137,"Bell, Josh",S
605141,"Betts, Mookie",R
605170,"Caratini, Victor",S
605204,"Davis, J.D.",R
605244,"Garcia, Aramis",S
605346,"López, Jack",R
605353,"Machín, Vimael",L
605361,"Martini, Nick",L
605421,"Pérez, Michael",L
605548,"Zimmer, Bradley",L
605612,"Castro, Harold",L
606019,"Quiroz, Esteban",S
606115,"Arcia, Orlando",R
606192,"Hernández, Teoscar",R
606466,"Marte, Ketel",S
606992,"Haase, Eric",R
607043,"Nimmo, Brandon",L
607054,"Peterson, Jace",L
607067,"Rea, Colin",R
607208,"Turner, Trea",R
607680,"Pillar, Kevin",R
607732,"Stallings, Jacob",R
608070,"Ramírez, José",S
608324,"Bregman, Alex",R
608336,"Gallo, Joey",L
608348,"Kelly, Carson",R
608360,"Okey, Chris",R
608369,"Seager, Corey",L
608385,"Winker, Jesse",L
608422,"Godoy, José",L
608596,"Murphy, Tom",R
608671,"Jankowski, Travis",L
608700,"Plawecki, Kevin",R
608701,"Refsnyder, Rob",R
608841,"Meneses, Joey",R
609274,"Hernandez, Elier",R
609280,"Andujar, Miguel",R
613546,"Castellano, Angelo",R
613564,"Vosler, Jason",L
614173,"Cordero, Franchy",L
620439,"Barreto, Franklin",R
620443,"Torrens, Luis",R
620449,"Castro, Luis",R
621006,"Martin, Richie",R
621008,"De Goti, Alex",R
621020,"Swanson, Dansby",R
621028,"Newman, Kevin",R
621035,"Taylor, Chris",R
621043,"Correa, Carlos",R
621311,"Dahl, David",L
621433,"Phillips, Brett",L
621438,"Taylor, Tyrone",R
621439,"Buxton, Byron",R
621450,"Bolt, Skye",S
621458,"Ríos, Edwin",L
621466,"Stewart, DJ",L
621493,"Ward, Taylor",R
621512,"Nido, Tomás",R
621529,"Hudson, Joe",R
621532,"Bemboom, Anthony",L
621545,"Remillard, Zach",R
621550,"Wisdom, Patrick",R
621563,"Wendle, Joey",L
621566,"Olson, Matt",L
622110,"Duffy, Matt",R
622268,"Walton, Donovan",L
622491,"Castillo, Luis",R
622534,"Margot, Manuel",R
622569,"Reyes, Pablo",R
622761,"Mateo, Jorge",R
623168,"Heineman, Tyler",S
623205,"Velazquez, Andrew",S
623507,"Lester, Josh",L
623520,"Bote, David",R
623912,"Ramírez, Harold",R
623993,"Santander, Anthony",S
624413,"Alonso, Pete",R
624414,"Arroyo, Christian",R
624415,"Biggio, Cavan",L
624424,"Conforto, Michael",L
624428,"Frazier, Adam",L
624431,"Trevino, Jose",R
624503,"Gordon, Nick",L
624512,"McGuire, Reese",L
624513,"Nuñez, Dom",L
624523,"Unroe, Riley",L
624585,"Soler, Jorge",R
624641,"Sosa, Edmundo",R
628451,"Ibáñez, Andy",R
630105,"Cronenworth, Jake",L
631222,"De La Cruz, Michael",S
640458,"Mercado, Óscar",R
640459,"Navarreto, Brian",R
640460,"Peterson, Dustin",R
640492,"Azocar, José",R
640902,"Pereda, Jhonny",R
641313,"Anderson, Tim",R
641343,"Bauers, Jake",L
641355,"Bellinger, Cody",L
641432,"Calhoun, Willie",L
641468,"Collins, Gavin",R
641487,"Crawford, J.P.",L
641505,"Davis, Jonathan",R
641511,"Delay, Jason",R
641531,"Dozier, Hunter",R
641555,"Escarra, J.C.",L
641584,"Fraley, Jake",S
641598,"Garver, Mitch",R
641645,"Guillorme, Luis",L
641658,"Hampson, Garrett",R
641680,"Heim, Jonah",S
641779,"Leblanc, Charles",R
641796,"Locastro, Tim",R
641820,"Mancini, Trey",R
641829,"Martin, Jason",L
641856,"McKinney, Billy",L
641857,"McMahon, Ryan",L
641924,"Nottingham, Jacob",R
641933,"O'Neill, Tyler",R
641943,"Palacios, Joshua",L
642020,"Robinson, Chuckie",R
642021,"Robinson, Errol",R
642082,"Sisco, Chance",L
642086,"Smith, Dominic",L
642133,"Tellez, Rowdy",L
642134,"Tenerowicz, Robbie",R
642136,"Thaiss, Matt",L
642137,"Thomas, Cody",L
642165,"VanMeter, Josh",L
642180,"Wade, Tyler",L
642197,"Westbrook, Jamie",R
642201,"White, Eli",S
642215,"Wilson, Weston",R
642336,"Mejía, Francisco",S
642350,"Siri, Jose",R
642451,"Liberato, Luis",L
642708,"Rosario, Amed",R
642715,"Adames, Willy",R
642720,"Didder, Ray-Patrick",R
642727,"Alcántara, Sergio",S
642731,"Estrada, Thairo",R
642851,"Wynns, Austin",R
643217,"Benintendi, Andrew",L
643265,"Cooper, Garrett",R
643289,"Dubón, Mauricio",R
643348,"Hamilton, Caleb",R
643376,"Jansen, Danny",R
643393,"Kemp, Tony",L
643396,"Kiner-Falefa, Isiah",R
643446,"McNeil, Jeff",L
643565,"Tauchman, Mike",L
644374,"Chang, Yu",R
644433,"Tromp, Chadwick",R
645277,"Albies, Ozzie",S
645302,"Robles, Victor",R
645305,"Sánchez, Ali",R
645444,"Herrera, Jose",S
645801,"Ford, Mike",L
646240,"Devers, Rafael",L
647228,"Hall, Adam",R
647304,"Naylor, Josh",L
647351,"Toro, Abraham",S
647378,"Yerzy, Andy",L
649557,"Díaz, Aledmys",R
649966,"Urías, Luis",R
650331,"Díaz, Lewin",L
650333,"Arraez, Luis",L
650391,"Jiménez, Eloy",R
650402,"Torres, Gleyber",R
650489,"Castro, Willi",S
650490,"Díaz, Yandy",R
650559,"De La Cruz, Bryan",R
650859,"Rengifo, Luis",S
650907,"Pinto, René",R
650968,"Pozo, Yohel",R
651016,"Lloyd, Matt",L
655316,"Monasterio, Andruw",R
656024,"Pérez, Carlos",R
656180,"Adams, Riley",R
656185,"Allen, Greg",S
656248,"Bouchard, Sean",R
656305,"Chapman, Matt",R
656308,"Chavis, Michael",R
656388,"Dunand, Joe",R
656413,"Fairchild, Stuart",R
656448,"Garrett, Stone",R
656462,"Gilliam, Isiah",S
656467,"Gittens, Chris",R
656484,"Gray, Tristan",L
656495,"Guthrie, Dalton",R
656537,"Hill, Derek",R
656541,"Hilliard, Sam",L
656555,"Hoskins, Rhys",R
656577,"Jackson, Alex",R
656582,"Joe, Connor",R
656627,"Kolozsvary, Mark",R
656666,"Lugbauer, Drew",L
656669,"Luplow, Jordan",R
656716,"McKinstry, Zach",L
656775,"Mullins, Cedric",L
656811,"O'Hearn, Ryan",L
656821,"Padlo, Kevin",R
656883,"Reetz, Jakson",R
656896,"Rivera, Emmanuel",R
656941,"Schwarber, Kyle",L
656976,"Smith, Pavin",L
657041,"Thomas, Lane",R
657061,"Tucker, Cole",S
657077,"Verdugo, Alex",L
657088,"Wall, Forrest",L
657136,"Wong, Connor",R
657193,"Alvarez, Eddy",L
657247,"O'Keefe, Brian",R
657557,"DeJong, Paul",R
657562,"Dorrian, Patrick",L
657656,"Laureano, Ramón",R
657709,"Papierski, Michael",S
657757,"Sheets, Gavin",L
658668,"Olivares, Edward",R
659359,"Fascia, Zac",L
660162,"Moncada, Yoán",S
660271,"Ohtani, Shohei",L
660294,"Tsutsugo, Yoshi",L
660613,"Hernández, Ronaldo",R
660614,"Gamboa, Arquímedes",S
660634,"Hernández, Yonny",S
660636,"Castillo, Diego A.",S
660644,"Bruján, Vidal",S
660670,"Acuña Jr., Ronald",R
660688,"Ruiz, Keibert",S
660707,"Montero, Elehuris",R
660710,"Durán, Rodolfo",R
660757,"Gonzalez, Oscar",R
660758,"Fabian, Sandro",R
660766,"Yepez, Juan",R
660821,"Sánchez, Jesús",L
660829,"Park, Hoy",L
660844,"Rivas, Leo",S
661388,"Contreras, William",R
661411,"Cedrola, Lorenzo",R
661531,"Serven, Brian",R
661733,"Burt, Max",R
662139,"Varsho, Daulton",L
663330,"Jones, Jahmai",R
663368,"Perkins, Blake",S
663369,"Eierman, Jeremy",R
663457,"Nootbaar, Lars",L
663478,"Davis, Brendon",R
663494,"Torres, Bryan",L
663503,"Marrero, Elih",L
663527,"Nevin, Tyler",R
663536,"English, Tristin",R
663538,"Hoerner, Nico",R
663550,"Cabbage, Trey",L
663584,"Senger, Hayden",R
663586,"Riley, Austin",R
663604,"Lockridge, Brandon",R
663609,"Baker, Luken",R
663611,"Madrigal, Nick",R
663616,"Larnach, Trevor",L
663624,"Mountcastle, Ryan",R
663630,"McKenna, Ryan",R
663647,"Hayes, Ke'Bryan",R
663656,"Tucker, Kyle",L
663662,"Cameron, Daz",R
663697,"India, Jonathan",R
663698,"Bart, Joey",R
663714,"Kroon, Matt",R
663727,"Kapers, Scott",R
663728,"Raleigh, Cal",S
663731,"Kaiser, Connor",R
663743,"Fortes, Nick",R
663757,"Grisham, Trent",L
663796,"Montes, Coco",R
663807,"Dalesandro, Nick",R
663837,"Vierling, Matt",R
663845,"Rivas III, Alfonso",L
663853,"Gonzalez, Romy",R
663886,"Stephenson, Tyler",R
663897,"Williams, Luke",R
663898,"Rodgers, Brendan",R
663905,"Blankenhorn, Travis",L
663944,"Roberts, Cody",R
663967,"Salazar, César",L
663968,"Mangum, Jake",S
663979,"Datres, Kyle",R
663993,"Lowe, Nathaniel",L
664023,"Happ, Ian",S
664029,"Mathias, Mark",R
664034,"France, Ty",R
664040,"Lowe, Brandon",L
664056,"Bader, Harrison",R
664058,"Fletcher, David",R
664059,"Haggerty, Sam",S
664068,"Kingery, Scott",R
664104,"Neslony, Tyler",L
664119,"Allen, Austin",L
664120,"McDowell, Max",R
664238,"Moore, Dylan",R
664247,"Garlick, Kyle",R
664314,"Florial, Estevan",L
664332,"Gómez, Moisés",R
664670,"Lopez, Alejo",S
664702,"Straw, Myles",R
664728,"Isbel, Kyle",L
664731,"Higgins, P.J.",R
664753,"Costes, Marty",R
664761,"Bohm, Alec",R
664770,"Lukes, Nathan",L
664774,"Wade Jr., LaMonte",L
664848,"Sands, Donny",R
664874,"Zavala, Seby",R
664901,"Mendick, Danny",R
664913,"Brown, Seth",L
664954,"Sullivan, Brett",L
664983,"McCarthy, Jake",L
665019,"Clemens, Kody",L
665052,"Conine, Griffin",L
665120,"Walsh, Jared",L
665155,"Maton, Nick",L
665161,"Peña, Jeremy",R
665180,"Cardenas, Ruben",R
665482,"Celestino, Gilberto",S
665487,"Tatis Jr., Fernando",R
665489,"Guerrero Jr., Vladimir",R
665506,"Pache, Cristian",R
665561,"Marchán, Rafael",S
665648,"Genovés, Ricardo",R
665742,"Soto, Juan",L
665750,"Taveras, Leody",S
665782,"De Los Santos, Luis",R
665804,"Amaya, Miguel",R
665828,"Cabrera, Oswaldo",S
665833,"Cruz, Oneil",L
665839,"Valdez, Enmanuel",L
665846,"Bastidas, Jesús",R
665856,"Camargo, Jair",R
665861,"Rivero, Sebastián ",R
665862,"Chisholm Jr., Jazz",L
665877,"Fermín, José",R
665888,"Navarro, Cristopher",R
665912,"Hernandez, Miguel",R
665922,"Muzziotti, Símon",L
665923,"Ruiz, Esteury",R
665926,"Giménez, Andrés",L
665953,"Chaparro, Andrés",R
665966,"Narváez, Carlos",R
665975,"Sanchez, Lolo",R
665987,"Valera, Leonel",R
665989,"Newton, Shervyen",S
665998,"Munguia, Ismael",L
666018,"Aranda, Jonathan",L
666023,"Fermin, Freddy",R
666124,"Berryhill, Luke",R
666126,"Cortes, Carlos",L
666133,"Iser, Herbert",L
666134,"Jones, Nolan",S
666135,"Kirilloff, Alex",L
666139,"Lowe, Josh",L
666140,"McIlwain, Brandon",R
666149,"Fitzgerald, Tyler",R
666150,"Fletcher, Dominic",L
666152,"Hamilton, David",L
666158,"Lux, Gavin",L
666160,"Moniak, Mickey",L
666163,"Rortvedt, Ben",L
666165,"Sabol, Blake",L
666176,"Adell, Jo",R
666177,"Aldrete, Carter",R
666179,"Beer, Seth",L
666181,"Benson, Will",L
666182,"Bichette, Bo",R
666183,"Bishop, Hunter",L
666185,"Carlson, Dylan",S
666194,"Johnson, Cooper",R
666197,"Kessinger, Grae",R
666198,"Kieboom, Carter",R
666211,"Trammell, Taylor",L
666310,"Naylor, Bo",L
666397,"Julien, Edouard",L
666464,"Encarnacion, Jerar",R
666624,"Morel, Christopher",R
666632,"Perlaza, Yonathan",S
666695,"Guzmán, Jonathan",R
666703,"Rosario, Eguy",R
666783,"Díaz, Yusniel",R
666801,"Castro, Rodolfo",S
666906,"Alu, Jake",L
666915,"Dalbec, Bobby",R
666931,"Oliva, Jared",R
666969,"García, Adolis",R
666971,"Gurriel Jr., Lourdes",R
667240,"Matthews, Jason",R
667372,"Rodriguez, Julio E.",R
667428,"Koch, Grant",R
667442,"Hollis, Connor",R
667452,"Julks, Corey",R
667472,"Myers, Dane",R
667663,"Stovall, Hunter",R
667670,"Rooker, Brent",R
667690,"Stubbs, C.J.",R
667803,"Martinez Jr., Ernesto",L
668227,"Arozarena, Randy",R
668472,"Pratto, Nick",L
668663,"Barrera, Tres",R
668664,"Strumpf, Chase",R
668667,"Cabrera, Daniel",L
668670,"Rogers, Jake",R
668709,"Bleday, JJ",L
668715,"Steer, Spencer",R
668721,"Henry, Payton",R
668723,"Vilade, Ryan",R
668731,"Baddoo, Akil",L
668751,"Mitchell, Cal",L
668752,"Ellis, Duke",L
668756,"Ramirez, Ben",L
668785,"Martorano, Brandon",R
668787,"Ball, Bryce",L
668791,"Prato, Anthony",R
668800,"Knizner, Andrew",R
668804,"Reynolds, Bryan",S
668824,"Wyatt, Logan",L
668832,"McCann, Kyle",L
668833,"McCullough, Morgan",L
668842,"Berglund, Michael",L
668843,"Capel, Conner",L
668845,"Schunk, Aaron",R
668853,"Shenton, Austin",L
668860,"Emshoff, Kale",R
668876,"Humphreys, Zach",R
668885,"Martin, Austin",R
668901,"Vientos, Mark",R
668904,"Lewis, Royce",R
668929,"Campbell, Noah",L
668930,"Turang, Brice",L
668939,"Rutschman, Adley",S
668942,"Rojas, Josh",L
668952,"Kreidler, Ryan",R
668965,"Zamora, Freddy",R
668974,"Handley, Maverick",R
669002,"Scott, Connor",L
669003,"Mitchell, Garrett",L
669004,"Melendez, MJ",L
669016,"Marsh, Brandon",L
669023,"Downs, Jeter",R
669065,"Stowers, Kyle",L
669087,"Huff, Sam",R
669127,"Langeliers, Shea",R
669134,"Campusano, Luis",R
669137,"Alvarez, Armando",R
669194,"Nelson, Ryne",R
669200,"McCoy, Mason",R
669208,"Bliss, Ryan",R
669219,"Ward, Je'Von",L
669221,"Murphy, Sean",R
669222,"Senzel, Nick",R
669224,"Wells, Austin",L
669227,"Simmons, Kendall",R
669234,"Malloy, Justyn-Henry",R
669236,"Jackson, Jeremiah",R
669242,"Edman, Tommy",S
669256,"Solak, Nick",R
669257,"Smith, Will",R
669261,"Suwinski, Jack",L
669288,"Johnson, Daniel",L
669289,"Espinal, Santiago",R
669304,"Miranda, Jose",R
669309,"Perez, Joe",R
669326,"Teodosio, Bryce",R
669336,"Gray Jr., Joe",R
669352,"Thompson, Bubba",S
669357,"Gorman, Nolan",L
669360,"Cruz, Trei",S
669364,"Edwards, Xavier",S
669369,"Johnson, Bryce",S
669374,"Hiura, Keston",R
669384,"Delgado, Raynel",L
669386,"Hauver, Trevor",L
669392,"Taylor, Samad",R
669394,"Burger, Jake",R
669397,"Allen, Nick",R
669398,"Workman, Gage",L
669413,"Chavez, Frainyer",L
669439,"Swift, Drew",R
669442,"Soularie, Alerick",R
669450,"Hummel, Cooper",S
669471,"Mann, Devin",R
669477,"Schmitt, Casey",R
669649,"Duvall, Ty",L
669699,"Shewmake, Braden",L
669701,"Smith, Josh",L
669707,"Triolo, Jared",R
669717,"Wilson, Will",R
669720,"Hays, Austin",R
669722,"Davidson, Logan",S
669742,"Hall, Darick",L
669743,"Call, Alex",R
669899,"Ward, Ryan",L
669911,"Toglia, Michael",S
669945,"Young, Chavez",S
670032,"Lopez, Nicky",L
670042,"Raley, Luke",L
670076,"Lin, Lyle",R
670092,"Brooks, Trenton",L
670097,"Short, Zack",S
670113,"Haley, Jim",R
670128,"Kohlwey, Taylor",L
670148,"Mondou, Nate",L
670156,"Mastrobuoni, Miles",L
670190,"Bins, Carter",R
670208,"Fraizer, Matt",L
670223,"Mervis, Matt",L
670224,"Misner, Kameron",L
670231,"Rave, John",L
670232,"Rodríguez, Ramón",R
670237,"Slaughter, Jake",R
670242,"Wallner, Matt",L
670276,"Stevenson, Cal",S
670351,"Rojas, Jose",L
670541,"Alvarez, Yordan",L
670623,"Paredes, Isaac",R
670712,"Brosseau, Mike",S
670764,"Walls, Taylor",S
670768,"González, Luis",L
670770,"Friedl, TJ",L
670860,"Armenteros, Lazaro",R
670867,"Maitan, Kevin",S
670868,"Gutierrez, Abrahan",S
670869,"Soto, Livan",L
670870,"Severino, Yunior",S
671056,"Herrera, Iván",R
671083,"Kennedy, Buddy",R
671088,"Morris, Tanner",L
671113,"Daniels, Zach",R
671117,"Baker, Darren",L
671155,"Johnson, Ivan",S
671213,"Casas, Triston",L
671217,"Praytor, Sam",R
671218,"Ramos, Heliot",R
671221,"Waters, Drew",S
671271,"Rosario, Jeisson",L
671272,"García, David",S
671277,"García Jr., Luis",S
671284,"Elko, Tim",R
671286,"Rodríguez, Johnathan",R
671287,"Clarke, Phil",L
671289,"Freeman, Tyler",R
671732,"Butler, Lawrence",L
671739,"Harris II, Michael",L
671913,"Palmegiani, Damiano",R
671956,"Myers, Noah",L
671976,"Peters, Tristan",L
672012,"Black, Tyler",L
672013,"Schofield-Sam, T.J.",L
672016,"Clarke, Denzel",R
672018,"Brown, Dasan",R
672275,"Bailey, Patrick",S
672279,"Siani, Michael",L
672284,"Kelenic, Jarred",L
672356,"Arias, Gabriel",R
672357,"Barley, Jordy",R
672359,"Ornelas, Tirso",L
672361,"Ruiz, Agustin",L
672373,"Morales, Jeferson",R
672386,"Kirk, Alejandro",R
672463,"Lantigua, Rafael",R
672478,"Diaz, Jordan",R
672515,"Moreno, Gabriel",R
672537,"Rosario, Dalvy",R
672569,"Campero, Gustavo",S
672580,"Garcia, Maikel",R
672596,"Perez Jr., Robert",R
672613,"Alfonzo, Eliezer",S
672635,"Mieses, Luis",L
672640,"Lopez, Otto",R
672642,"Berroa, Steward",S
672695,"Perdomo, Geraldo",S
672696,"Acuna, Francisco",R
672701,"Devers, José",L
672724,"Peraza, Oswald",R
672744,"Canario, Alexander",R
672761,"Pérez, Wenceel",S
672820,"Sosa, Lenyn",R
672832,"Pineda, Israel",R
672850,"Caballero, Jorge",R
673237,"Diaz, Yainer",R
673357,"Robert Jr., Luis",R
673490,"Kim, Ha-Seong",R
673548,"Suzuki, Seiya",R
673893,"Schwecke, Trevor",R
673901,"Brown, Vaun",R
673962,"Jung, Josh",R
673990,"Thomas, Andy",L
673995,"Wendzel, Davis",R
674441,"Hurtubise, Jacob",L
674646,"Bradley, Tucker",L
674951,"Podkul, Nick",R
674976,"Lockwood-Powell, Griffin",R
675085,"Long, Jonathon",R
675394,"Olmstead, Johnny",R
675430,"Rodriguez, CJ",R
675448,"Hunt, Blake",R
675455,"Tolentino, Milan",L
675628,"Hill, Darius",L
675656,"Smith, Kevin",R
675659,"Jones, Greg",S
675662,"Whatley, Matt",R
675910,"Williams, Chris",R
675915,"Bañuelos, David",R
675961,"Williams, Alika",R
675986,"Smith-Njigba, Canaan",L
675994,"Brown, Devonte",R
676017,"Ramirez, Micael",R
676024,"Williams, Donta'",L
676038,"Messinger, Skyler",R
676044,"Seymour, Bob",L
676045,"Martin, Casey",R
676053,"Opitz, Casey",R
676059,"Westburg, Jordan",R
676063,"McGuire, Shane",L
676070,"Amaya, Jacob",R
676113,"DeLoach, Zach",L
676116,"Noda, Ryan",L
676155,"Frizzell, Will",L
676198,"Pinder, Chase",R
676203,"Castañon, Marcos",R
676205,"Hardman, Tyler",R
676280,"Dearden, Tyler",L
676288,"Radcliff, Baron",L
676309,"Britton, Zach",L
676332,"Knight, Caleb",R
676356,"DeLuca, Jonny",R
676369,"Velázquez, Nelson",R
676391,"Clement, Ernie",S
676423,"Rock, Dylan",R
676439,"Feduccia, Hunter",L
676463,"Cantrelle, Hayden",S
676466,"Winkler, Jack",R
676473,"Sparks, Lamar",R
676475,"Burleson, Alec",L
676480,"Barrero, Jose",R
676509,"Crouch, Josh",R
676545,"Servideo, Anthony",L
676551,"Hicklen, Brewer",R
676566,"Ross, Shawn",R
676572,"Wagaman, Eric",R
676609,"Caballero, José",R
676625,"Bannon, Rylan",R
676628,"Contreras, Mark",S
676632,"Madris, Bligh",L
676646,"Reks, Zach",L
676679,"Vázquez, Luis",R
676694,"Meyers, Jake",R
676701,"Trejo, Alan",R
676724,"Young, Jared",L
676801,"McCormick, Chas",R
676811,"Nieporte, Quincy",R
676812,"McCusker, Carson",R
676857,"Cintron, Jancarlos",R
676882,"Seagle, Chandler",R
676896,"Roller, Chris",R
676914,"Schneider, Davis",R
676939,"Herron, Jimmy",R
676946,"Batten, Matthew",R
677007,"Breaux, Josh",R
677008,"Kjerstad, Heston",L
677049,"Hatcher, Josh",L
677060,"Stevens, Chad",R
677319,"Barstad, Cameron",L
677338,"Hill, GJ",S
677341,"Johnson, Osiris",R
677342,"Jones, Brock",L
677347,"Paris, Kyren",R
677356,"Young, Carter",S
677565,"Robinson, Kristian",R
677570,"Bracho, Aaron",L
677578,"Rodríguez, Carlos",L
677581,"Idrogo, Cesar",L
677587,"Rocchio, Brayan",S
677588,"Tena, José",L
677592,"Pereira, Everson",R
677594,"Rodríguez, Julio",R
677599,"Hiraldo, Miguel",R
677601,"Rodriguez, Keyber",R
677605,"Verdugo, Luis",R
677649,"Duran, Ezequiel",R
677673,"Vargas, Imanol",L
677800,"Abreu, Wilyer",L
677870,"Jiménez, Leo",R
677941,"Adams, Jordyn",R
677942,"Alexander, Blaze",R
677943,"Banfield, Will",R
677950,"Thomas, Alek",L
677951,"Witt Jr., Bobby",R
677954,"Groshans, Jordan",S
677956,"Hinds, Rece",R
678006,"Decker, Nick",L
678009,"Meadows, Parker",L
678010,"Schnell, Nick",L
678011,"Seigler, Anthony",S
678021,"Northcut, Nicholas",R
678099,"Logan, Gavin",L
678173,"McCabe, David",S
678218,"Valenzuela, Brandon",S
678225,"Bae, Ji Hwan",L
678232,"Valdez, Jesus",R
678246,"Vargas, Miguel",R
678285,"Pertuz, Fabian",R
678323,"Cerda, Allan",R
678391,"Vivas, Jorbit",L
678413,"Planez, Alexfri",R
678489,"Barrosa, Jorge",S
678545,"Basabe, Osleivis",R
678554,"Mead, Curtis",R
678577,"Perez, Junior",R
678652,"Chirinos, Jesus",R
678662,"Tovar, Ezequiel",R
678689,"Castillo, Neyfy",R
678706,"Garcia, Reivaj",L
678729,"Medina, Nelson",R
678742,"Nunez, Rainer",R
678746,"Hernandez, Diego",L
678760,"Leonard, Eddys",S
678807,"Santiago, Carlos",S
678828,"Salom, Dereck",R
678837,"Restituyo, Bladimir",R
678849,"Espinosa, Rolando",R
678854,"Pena, Viandel",L
678863,"Arroyo, Carlos",R
678877,"Noel, Jhonkensy",R
678882,"Rafaela, Ceddanne",R
678893,"Encarnacion, Jefferson",L
678894,"Peguero, Liover",R
678900,"Ovalles, Alexander",L
678926,"De La Cruz, Carlos",R
678962,"Vellojin, Daniel",L
679032,"Rojas, Johan",R
679529,"Torkelson, Spencer",R
679545,"Suozzi, Joe",R
679563,"Rodríguez, José",R
679602,"Ehrhard, Drew",R
679631,"Vavra, Terrin",L
679663,"Scott, Stephen",L
679734,"Carreras, Julio",R
679741,"Patiño, Wilderd",R
679751,"Bautista Jr., Danny",R
679754,"Rodriguez, Alberto",L
679788,"Rogers, Jack",L
679821,"Jordan, Rowdey",S
679822,"Foscue, Justin",R
679845,"Loftin, Nick",R
679881,"Martínez, J.P.",L
679938,"Fajardo, Yoyner",L
680118,"Blanco, Dairon",R
680244,"Adolph, Ross",L
680273,"Meyers, Chris",L
680418,"Cropley, Tyler",R
680474,"Schuemann, Max",R
680518,"Warren, Zavier",S
680519,"Camilletti, Mario",L
680552,"Swaggerty, Travis",L
680574,"McLain, Matt",R
680577,"Keirsey Jr., DaShawn",L
680586,"Mercado, Reidy",S
680636,"Mendoza, Ramon",R
680642,"Moquete, Darlin",R
680643,"Mora, Juan",R
680672,"Waddell, Luke",L
680683,"Hannah, Jameson",L
680690,"Holland, Korey",R
680693,"Lavigne, Grant",L
680695,"Davis, Brennen",R
680700,"Palacios, Richie",L
680709,"Dunn, Nick",L
680711,"Roederer, Cole",L
680716,"Ornelas, Jonathan",R
680718,"Barger, Addison",S
680719,"Decolati, Niko",R
680722,"Meyer, Nick",R
680728,"Del Castillo, Adrian",L
680737,"Helman, Michael",R
680740,"Hess, Kyle",L
680753,"Hackenberg, Adam",R
680756,"Nelson, Mat",R
680757,"Kwan, Steven",L
680769,"Alexander, CJ",L
680771,"Gil, Mateo",R
680776,"Duran, Jarren",L
680777,"Jeffers, Ryan",R
680779,"Davis, Henry",R
680799,"Gray, Seth",L
680810,"Hamilton, Quincy",L
680814,"Burdick, Peyton",S
680815,"Dues, Damon",L
680837,"Fitzgerald, Ryan",L
680846,"Aliendo, Pablo",R
680862,"MacIver, Willie",R
680868,"Winkel, Patrick",L
680869,"Gelof, Zack",R
680881,"Hulsizer, Niko",R
680890,"Biggers, Jax",L
680906,"Sightler, Josiah",L
680911,"Miller, Owen",R
680918,"Allen, Brady",R
680932,"Martinez, Pedro",R
680935,"Pavolony, Connor",R
680963,"Wilson, Cody",R
680971,"Anchia, Jake",R
680977,"Donovan, Brendan",L
680996,"Mann, Luke",L
681036,"Vilar, Anthony",L
681044,"Andrews Jr., EJ",R
681047,"Franklin, Christian",R
681068,"Easley, Jayce",S
681080,"Ricketts, Caleb",L
681082,"Stott, Bryson",L
681098,"Knight, Bill",R
681114,"Trautwein, Michael",L
681123,"Tresh, Luca",R
681132,"Ferguson, Max",L
681134,"Roberts, Caleb",L
681142,"Thompson, Justice",R
681146,"Bride, Jonah",R
681159,"Wilson, Ethan",L
681172,"Tolve, Tyler",L
681184,"Graham, Kevin",L
681198,"Rumfield, T.J.",L
681230,"Murray Jr., BJ",S
681275,"Gonzalez, Jose",L
681286,"Schwartz, JT",L
681297,"Cowser, Colton",L
681317,"Boyd, Jeremiah",R
681323,"Binelas, Alex",L
681333,"Baker, Dru",R
681348,"Jones, Hayden",L
681351,"O'Hoppe, Logan",R
681357,"Morissette, Cody",L
681370,"Haskin, Hudson",R
681371,"Keegan, Dominic",R
681375,"Hogan, Matt",L
681377,"Hood, Josh",R
681393,"Norby, Connor",R
681400,"Serretti, Danny",S
681439,"Morgan, Zach",R
681460,"Baldwin, Brooks",S
681468,"Rosier, Corey",L
681481,"Carpenter, Kerry",L
681488,"Cerny, Logan",R
681495,"Fergus, Cade",R
681508,"Gasper, Mickey",S
681526,"Lavastida, Bryan",R
681538,"Molfetta, Christian",R
681540,"Neuse, Dylan",R
681546,"Outman, James",L
681580,"Turconi, Michael",L
681581,"Weber, Andy",L
681584,"Villar, David",S
681623,"Palma, Ronaiker",R
681624,"Pages, Andy",R
681679,"Consuegra, Stanley",R
681715,"Hernandez, Heriberto",R
681807,"Fry, David",R
681831,"Garry Jr., Willie Joe",L
681868,"Pagan, Ezequiel",L
681879,"Lucky, Nick",L
681909,"Dean, Justin",R
681941,"Palmer, Jaylen",R
681962,"Capra, Vinny",R
681974,"Vega, Onix",R
681987,"Eaton, Nate",R
681995,"Rodriguez, Eric",R
682003,"Martin, Garrett",R
682011,"Miller, Tyler",L
682073,"Hensley, David",R
682090,"Turner, Gionti",R
682119,"Jordan, Levi",R
682177,"Schneemann, Daniel",L
682182,"Correa, J.C.",R
682183,"Avans, Drew",L
682187,"Ward, Nick",L
682191,"Dimon, Dawson",R
682192,"McIntosh, Paul",R
682210,"Hoese, Kody",R
682239,"Ritter, Luke",R
682265,"Clarke, Wes",R
682266,"Auerbach, Brett",R
682276,"Cordova, Jose",R
682515,"Porter, Logan",R
682616,"Cartaya, Diego",R
682617,"Luciano, Marco",R
682618,"Urbina, Misael",S
682619,"Martinez, Orelvis",R
682621,"Rodriguez, Gabriel",R
682622,"Marte, Noelvi",R
682626,"Alvarez, Francisco",R
682631,"Fernandez, Eduarqui",R
682633,"Garcia, Eduardo",R
682634,"Alcántara, Kevin",R
682637,"Lopez, Eduardo",L
682641,"Matos, Luis",R
682646,"Pomares, Jairo",L
682648,"Guerrero, Juan",R
682650,"Nuñez, Malcom",R
682653,"Bernabel, Warming",R
682657,"Martínez, Angel",S
682662,"Morel, Rafael",R
682663,"Ramírez, Agustín",R
682668,"Acuña, Luisangel",R
682674,"Bericoto, Victor",R
682679,"Frias, Dayan",S
682685,"Gonzalez, Cristian",R
682692,"Palma, Miguel",R
682707,"De La Rosa, Jeremy",L
682722,"De León, Isaac",R
682725,"Rodriguez, Cristhian",L
682728,"Chevalier, Luis",L
682729,"Clase, Jonatan",S
682732,"Moncada, Gabriel",L
682765,"Feliz, Albert",R
682775,"Pichardo, Kervin",R
682793,"Gonzalez, Bryan",R
682796,"Paulino, Eddinson",L
682799,"Prado, Elio",R
682801,"Romero, Noelberth",R
682818,"Pinango, Yohendrick",L
682829,"De La Cruz, Elly",S
682848,"Rodríguez, Endy",S
682868,"Ramos, Bryan",R
682877,"Brito, Juan",S
682927,"Simon, Ronny",S
682928,"Abrams, CJ",L
682942,"De Jesus, Alex",R
682947,"Ramos, Jose",R
682983,"Fabian, Jud",R
682985,"Greene, Riley",L
682987,"Jones, Spencer",L
682988,"Locklear, Tyler",R
682997,"Callihan, Tyler",L
682998,"Carroll, Corbin",L
683002,"Henderson, Gunnar",L
683006,"Newell, Chris",L
683007,"Perry, Darius",R
683011,"Volpe, Anthony",R
683021,"Stefanic, Michael",R
683031,"Ramirez, Jean",L
683061,"Vargas, Alexander",S
683079,"Martinez, Omar",L
683083,"Nuñez, Nasim",S
683090,"Lugo, Matthew",R
683091,"Tanner, Logan",R
683104,"Faltine, Trey",R
683145,"Barber, Colin",L
683146,"Baty, Brett",L
683152,"Curialle, Michael",R
683169,"McLain, Sean",R
683172,"Naranjo, Joe",L
683227,"Freeman, Cody",R
683233,"Hodo III, Douglas",R
683341,"Calabrese, David",L
683344,"Bush Jr., Homer",R
683353,"Caskenette, Connor",R
683357,"Caissie, Owen",L
683427,"Hernandez, Omar",R
683447,"Martinez, Gabriel",R
683454,"Buelvas, Brayan",R
683481,"Cedeño, Nerwilian",S
683485,"Beltran, Nelson",R
683490,"D'Orazio, J.J.",R
683493,"Lugo, William",R
683494,"Angeles, Euribiel",R
683500,"Escotto, Maikol",R
683529,"Perez, Milkar",S
683532,"Familia, Christopher",L
683539,"Barete, Cristopher",L
683569,"Colmenares, Jose",R
683610,"Pineda, Leandro",L
683616,"Nolasco, Rodolfo",R
683679,"Rodriguez, Jesus",R
683734,"Vaughn, Andrew",R
683735,"Holland, Will",R
683737,"Busch, Michael",L
683748,"Mesa Jr., Victor",L
683766,"Koss, Christian",S
683770,"Robertson, Will",L
683953,"Bazzana, Travis",L
684081,"Brito, Erick",R
684222,"Burgos, Jorge",L
684519,"De Los Santos, Omar",R
684541,"Valenzuela, Sahid",S
684543,"Cope, Daniel",R
684576,"Isola, Alex",R
684712,"Sanchez, Wilber",R
684715,"Kent, Nic",R
684852,"Quintero, Geraldo",S
684922,"Shuffield, Dalton",R
684976,"Thomas, Johnathon",R
685084,"Brewer, Jordan",R
685087,"Nwogu, Jordan",R
685091,"Chavers, Parker",S
685096,"McKeon, Scott",R
685127,"McGarry, Alex",L
685133,"Meckler, Wade",L
685274,"Ward, Braiden",L
685277,"Kahle, Nick",R
685298,"Bunnell, Cade",L
685300,"Richardson, Grant",L
685301,"Gorski, Matt",R
685313,"Dunham, Elijah",L
685332,"Mendoza, Carlos",L
685341,"Reyes, Ripken",S
685382,"Navigato, Andrew",R
685388,"Simpson, Colin",L
685392,"Boone, Trevor",R
685474,"Stevens, Felix",R
685580,"More, Cristian",L
685744,"Corona, Kenedy",R
686196,"Burns, Peter",L
686217,"Frelick, Sal",L
686251,"Lindsly, Brady",L
686404,"Antunez, Wuilfredo",L
686438,"Cespedes, Rubel",L
686445,"Siani, Sammy",L
686452,"Millas, Drew",S
686469,"Pasquantino, Vinnie",L
686475,"Tolbert, Tyler",R
686482,"Driscoll, Logan",L
686490,"Eden, Cam",R
686523,"Wilson, Peyton",S
686527,"Canzone, Dominic",L
686531,"Lipcius, Andre",R
686541,"Compton, Drew",L
686546,"Dyer, Matthew",R
686551,"Cairo, Christian",R
686554,"Dunn, Oliver",L
686555,"Collins, Isaac",S
686577,"Cavaco, Keoni",R
686611,"Crews, Dylan",R
686638,"Fitz-Gerald, Hunter",L
686639,"Dunn, Jack",R
686668,"Doyle, Brenton",R
686673,"Bartlett, Will",R
686676,"Lee, Korey",R
686677,"Stephens, Landon",R
686681,"Massey, Michael",L
686744,"Snider, Jake",L
686758,"Shockley, Dylan",R
686759,"Hopkins, TJ",R
686765,"Sogard, Nick",S
686766,"Simoneit, William",S
686770,"Shrum, Dillan",R
686780,"Pagés, Pedro",R
686781,"Lewis, Brandon",R
686793,"Arruda, J.T.",L
686797,"Lee, Brooks",S
686798,"Valdes, Yordys",S
686810,"Milone, Brennan",R
686823,"Brennan, Will",L
686863,"Mateo, Daniel",R
686894,"Wiemer, Joey",R
686912,"Romero Jr., Maxwell",L
686948,"Baldwin, Drake",L
686952,"Dernedde, Kyle",R
686958,"Torres, Jose",R
686960,"Baez, Nate",R
686976,"Ardoin, Silas",R
686977,"Beesley, Bradlee",R
686981,"Dixon, Brenden",R
686982,"McKenzie, Jared",L
686984,"Lee Sang, Marcus",L
686989,"Free, James",S
687005,"Strahm, Kellen",R
687012,"Aguilar, Tayler",L
687020,"Auer, Mason",R
687036,"Zubia, Zach",R
687066,"Yang, Eric",R
687069,"Rivera, Josh",R
687071,"Sasaki, Shane",R
687073,"Contreras, Yan",R
687093,"Grissom, Vaughn",R
687136,"Henson, Spencer",R
687144,"Joyce, Corey",R
687152,"Miller, Darrien",L
687192,"Hunter, Cade",L
687201,"Kilpatrick Jr., Kevin",R
687206,"Gonzalez, Tres",L
687208,"Hickey, Nathan",L
687210,"Martorella, Nathan",L
687221,"Rushing, Dalton",L
687231,"Hernaiz, Darell",R
687248,"Ogans, Keshawn",R
687260,"Kalmer, Brian",R
687263,"Neto, Zach",R
687272,"Flint, Tucker",L
687282,"Rincones Jr., Gabriel",L
687285,"Schreffler Jr., Troy",R
687310,"Simpson, Will",R
687331,"McAfee, Quincy",R
687363,"Scott II, Victor",L
687394,"Brannigan, Jack",R
687401,"Ortiz, Joey",R
687426,"Santiago, Glenn",R
687431,"Head, Hudson",L
687462,"Horwitz, Spencer",L
687470,"Redmond, Chandler",L
687478,"Devanney, Cam",R
687493,"Brown, Luke",L
687515,"Thomas, Colby",R
687521,"Brown Jr., Eric",R
687526,"Smith, Marcus",L
687529,"McCray, Grant",L
687551,"Gilbert, Drew",L
687554,"Gladney, DJ",R
687567,"Ortega, Jorel",R
687573,"Ready, Nic",R
687588,"Pries, Micah",S
687597,"Beck, Jordan",R
687605,"Pinckney, Andrew",R
687608,"Spence, Liam",R
687625,"Murphy, Kai",S
687627,"Huff, Kody",R
687628,"Boyd, Justin",R
687637,"Beavers, Dylan",L
687659,"Polcovich, Kaden",L
687714,"Cluff, Jackson",L
687724,"Holton, Jake",R
687730,"Cali, Caleb",R
687731,"Werner, Trevor",R
687749,"Bowen, Jase",R
687751,"Lawson, Cortland",R
687783,"Wood, Matthew",L
687799,"Marlowe, Cade",L
687823,"Shackelford, Aaron",L
687833,"Fontana, Shayne",L
687859,"Johnston, Troy",L
687862,"Milligan, Cody",L
687867,"Dungan, Clay",L
687918,"Wimmer, Braylen",R
687942,"Montgomery, Torin",R
687952,"Encarnacion-Strand, Christian",R
687957,"Harris, Dustin",L
687981,"Rhodes, John",R
687982,"Jones, Carson",L
688005,"Urbaez, Francisco",R
688032,"Scheffler, Matt",R
688311,"Osborn, Drake",R
688363,"Pauley, Graham",L
688392,"Doston, Terence",L
688394,"Sprinkle, Jordan",R
688449,"Bowens, TT",R
688457,"Cross, Gavin",L
688460,"Kasevich, Josh",R
688500,"Paolini, Stephen",L
688507,"Nigro, Frank",R
688551,"Kopack, Addison",R
688556,"Parker, Brandon",R
688617,"Snyder, Michael",R
688682,"Bowman, Cooper",R
688714,"Cermak, Ryan",R
688760,"Crim, Blaine",R
688808,"Martin, David",L
688869,"Dirden, Justin",L
688875,"Willhoite, Trace",R
688907,"Cavenaugh, Pres",L
688963,"Sullivan, William",L
689041,"Thomas, Rhylan",L
689047,"Wetzel, Jacob",L
689070,"Packard, Spencer",L
689141,"Hall, Anthony",L
689172,"Wisely, Brett",L
689200,"Melton, Jacob",L
689216,"Battles, Jalen",R
689288,"Koperniak, Matt",L
689302,"Simas, Karson",R
689355,"Roberts, Brett",R
689414,"Hicks, Liam",L
689456,"Murr, Austin",L
689531,"Squires, Brett",L
689577,"Antonini, Aaron",L
689651,"Sikes, Phillip",R
689688,"Workinger, Ethan",R
689731,"Roberts, Cole",R
689750,"Buchberger, Jacob",R
689763,"Castillo, Kyler",R
689858,"Lane, Carmine",R
689931,"Graham, Peyton",R
689959,"Trenkle, Caeden",L
689984,"Arnold, Zach",R
690022,"Ritter, Ryan",R
690107,"Glenn, Jackson",R
690180,"Windham, Bryce",L
690291,"Jung, Jace",L
690443,"Antico, Mike",L
690448,"Jarvis, Mike",R
690469,"Hayes, Kyle",R
690474,"Sacco Jr., Tommy",S
690804,"Nicholson, Ryan",L
690841,"O'Neill, Matt",R
690904,"Masterman, Cameron",R
690914,"Moore, Brody",R
690924,"Fulford, Braxton",R
690944,"Washington Jr., Curtis",R
690956,"Blakely, Werner",L
690957,"Bohrofen, Jace",L
690958,"Bowser, Drew",R
690961,"Bradfield Jr., Enrique",L
690969,"Clark, Kellum",L
690970,"Collins, Corey",L
690971,"Davis, Chase",L
690976,"Freeland, Alex",S
690983,"Haas, Hunter",R
690984,"Halpin, Petey",L
690985,"Halter, Colby",L
690987,"Hassell III, Robert",L
690988,"Hendrick, Austin",L
690992,"Howard, Ed",R
690993,"Keith, Colt",L
691001,"Moore, Robert",S
691002,"Morales, Yohandy",S
691003,"Morgan, Tre'",L
691006,"Parada, Kevin",R
691011,"Romo, Drew",S
691016,"Soderstrom, Tyler",L
691019,"Teel, Kyle",L
691021,"Vukovich, A.J.",R
691023,"Walker, Jordan",R
691024,"Wallace, Cayden",R
691026,"Winn, Masyn",R
691116,"Ordonez, Jesus",R
691176,"Domínguez, Jasson",S
691181,"Rodriguez, Emmanuel",L
691182,"Amador, Adael",S
691183,"Made, Kevin",R
691185,"Acosta, Maximo",R
691186,"Vera, Arol",S
691191,"Salas, Jose",S
691252,"Diaz, Jhon",L
691262,"Preciado, Reginald",R
691267,"Ramírez, Alex",R
691268,"Cappe, Yiddi",R
691269,"Placencia, Adrian",L
691277,"De Los Santos, Deyvison",R
691283,"Chen, Sheng-Ping",L
691284,"Corniel, Juan",L
691285,"Franco, Junior",L
691292,"Ortiz, Angel",L
691369,"Castro, Allan",S
691370,"Chacon, Juan",R
691373,"Garcia, Jhostynxon",R
691392,"Ascanio, Johnny",S
691398,"Confidan, Yerlin",L
691405,"Benjamin, Juan",L
691406,"Caminero, Junior",R
691408,"Collado, Maick",L
691410,"Devers, Jose",R
691411,"Durango, Luis",L
691416,"Gonzalez, Esteban",L
691437,"Pinto, Adrian",R
691442,"Veras, Wilfred",R
691449,"Campos, Roberto",R
691458,"Jordan, Blaze",R
691503,"Sanchez, Yolbert",R
691558,"Fernandez, Yeiner",R
691586,"Hidalgo, Renny",R
691588,"Lewis, Ian",L
691594,"Sanoja, Javier",R
691601,"Escanio, Brenny",S
691605,"Briceno, Miguel",R
691616,"Perez, Hedbert",L
691620,"Quero, Jeferson",R
691621,"Vargas, Jheremy",R
691645,"De Los Santos, Jefrey",L
691708,"Tilien, Junior",R
691710,"Perozo, Vincent",L
691718,"Crow-Armstrong, Pete",L
691720,"Karros, Kyle",R
691723,"Mayo, Coby",R
691726,"Sim, Kevin",R
691728,"Veen, Zac",L
691740,"Susac, Daniel",R
691770,"Bishop, Braylon",L
691775,"Clifford, Ryan",L
691777,"Muncy, Max",R
691781,"House, Brady",S
691783,"Lawlar, Jordan",R
691785,"Mayer, Marcelo",L
691788,"Mack, Joe",L
691789,"Pacheco, Izaac",L
691794,"Schrier, Cody",R
691797,"Spikes, Ryan",R
691858,"Serna, Jared",R
691897,"Gonzalez, Diego",R
691907,"Cheng, Tsung-Che",L
691913,"Castillo, Jesus",L
691919,"Espinal, Ewry",L
691922,"Rivas, Javier",R
691938,"Vasquez, Willy",R
691939,"DeLeo, Jake",R
691944,"Guscette, Mac",R
691949,"Vogel, Jake",R
692031,"Feliz, George",R
692039,"Jimenez, Carlos",L
692044,"Suisbel, Luis",S
692046,"Sanchez, Axel",R
692118,"Ochoa Leyva, Nathaniel",R
692150,"Pitre, Émilien",L
692190,"Antonia, Donovan",R
692216,"Kayfus, C.J.",L
692222,"Izarra, Jose",R
692225,"Campbell, Kristian",S
692238,"Harber, Parks",S
692348,"Arteaga, Aeverson",R
692368,"Sugastey, Adrián",R
692371,"Espinoza, Lizandro",R
692390,"Cordoba, Jose",R
692405,"Rivas, Jeremy",R
692412,"Barreat, Elis",R
692416,"Cerda, Christian",R
692422,"Peguero, Odalys",L
692446,"Villarroel, Miguel",R
692478,"Arias, Victor",L
692489,"Del Rosario, Angel",R
692556,"Diaz, Kelvin",R
692562,"Hernandez, Alexis",R
692564,"Salazar, Johnfrank",R
692568,"Ugueto, Miguel",R
692585,"Fernández, Yanquiel",S
692657,"Alfonzo, Omar",L
692670,"Pena, Jhonson",R
692944,"Villavicencio, Kevin",R
693049,"Colás, Oscar",L
693073,"Campbell, Clayton",R
693304,"Gonzales, Nick",R
693306,"Sabato, Aaron",R
693307,"Dingler, Dillon",R
693309,"Greene, Isaiah",L
693409,"Prieto, César",L
693459,"Fedko, Kyler",R
693819,"Nevin, Kyle",R
693832,"Richardson, Tre",R
693850,"Rosario, Kala'i",R
694025,"Reyes, Felix",R
694049,"Fana, Nomar",L
694065,"Hernandez, Arxy",R
694070,"Garcia, Yhoswar",R
694170,"Jorge, Dyan",R
694175,"León, Pedro",R
694181,"Colmenarez, Carlos",L
694182,"Cruz, Armando",R
694183,"Hernandez, Cristian",R
694184,"Santana, Cristian",R
694185,"De Andrade, Danny",R
694186,"Polanco, Shalin",L
694187,"Vazquez, Daniel",S
694192,"Chourio, Jackson",R
694193,"Acosta, Victor",S
694194,"Bleis, Miguel",R
694196,"Velasquez, Diego",S
694197,"Genao, Angel",S
694200,"Almonte, Ariel",L
694202,"Beltre, Manuel",R
694203,"Guzman, Denzer",R
694206,"Guilarte, Daniel",R
694208,"Ballesteros, Moisés",L
694211,"Pena, Manuel",L
694212,"Basallo, Samuel",L
694214,"Zavala, Samuel",L
694215,"Montero, Hans",R
694217,"Fanas, Willy",L
694222,"Tavarez, Ambioris",R
694224,"Gonzalez, Gabriel",R
694227,"Cueva, Danyer",L
694230,"Mendez, Hendry",L
694249,"Carrigg, Cole",S
694266,"Smith, D'Andre",R
694271,"Yeager, R.J.",R
694292,"Wehler, Jeffrey",R
694304,"Fontenelle, Cole",S
694318,"St. Laurent, Austin",R
694320,"Costello, Jack",R
694351,"Berry, Jacob",S
694355,"Gentry, Tyler",R
694359,"Kavadas, Niko",L
694362,"Dunn, Blake",R
694368,"Glowenke, Jimmy",R
694369,"Foster, Cole",L
694371,"Troy, Tommy",R
694374,"Tawa, Tim",R
694376,"Whitcomb, Shay",S
694377,"Yorke, Nick",R
694378,"Gonzalez, Jacob",L
694380,"Moss, Jack",L
694384,"Schanuel, Nolan",L
694385,"Wilken, Brock",R
694387,"Knapczyk, Christian",L
694388,"Loperfido, Joey",L
694410,"Groover, LuJames",R
694420,"Levins, Tatem",L
694425,"Bigbie, Justice",R
694444,"Josenberger, Tavian",L
694484,"Wagner, Max",R
694497,"Carter, Evan",L
694514,"Thompson, Sterlin",L
694543,"Wright, Blake",R
694580,"Alderman, Kemp",R
694661,"Tirotta, Riley",R
694671,"Langford, Wyatt",R
694673,"Ortiz, Abimelec",L
694689,"Pitelli, Dominic",L
694728,"Matthews, Brice",R
694742,"Moylan, Josh",L
694749,"Campbell, Dylan",R
694754,"Ceballos, Sabin",R
694757,"Ahuna, Maui",L
694806,"Eike, Brandon",R
694808,"Kokoska, Zach",L
694812,"McDonough, Tyler",S
694815,"Hurley, Jack",L
694829,"Burns, Connor",R
694834,"Wilson, Tyler",L
694838,"Vetrano, Joe",L
694848,"Brown, Sam",L
694876,"Ingle, Cooper",L
694896,"Rose, Caden",R
694930,"Taylor, Carson",L
694953,"Pittaro, C.J.",L
694966,"Taylor, Brayden",L
694974,"Shade, Colby",R
694976,"Tovalin, Osvaldo",L
694977,"Nankil, Nate",R
695013,"Harrison, Kalae",L
695020,"Murray, Tanner",R
695023,"Park, Eddie",L
695031,"Zamora, Josh",R
695048,"Guillemette, Garret",R
695068,"Wallace, Landon",L
695078,"Walters, Jean",S
695238,"Wagner, Will",L
695257,"Cook, Billy",R
695299,"Tatum, Terrell",L
695312,"Palensky, Aaron",R
695336,"Saggese, Thomas",R
695342,"Davis, Colin",R
695358,"Butler, Jonny",L
695372,"Gelof, Jake",R
695391,"Harris, Brett",R
695415,"Worrell, Bryson",R
695461,"Spohn, Harrison",R
695462,"Conley, Cal",S
695467,"Montero, Juan",R
695481,"Allen II, Jay",R
695490,"Arroyo, Edwin",S
695491,"Baez, Joshua",R
695501,"Burke, Blake",L
695506,"Caglianone, Jac",L
695508,"Cauley, Cameron",R
695521,"Conticello, Gavin",L
695524,"Cozart, Jacob",L
695538,"Diaz, Randal",R
695578,"Wood, James",L
695587,"Horne, Bryson",L
695596,"Raposo, Nick",R
695600,"Jensen, Carter",L
695603,"Montgomery, Benny",R
695604,"White, T.J.",S
695607,"McLain, Nick",L
695612,"Mooney, Alex",R
695653,"Miller, Noah",L
695657,"Montgomery, Colson",L
695670,"Ford, Harry",R
695681,"Moore, Christian",R
695692,"Kinney, Cooper",L
695707,"McNair, Brennon",R
695720,"White, Tommy",R
695731,"Montgomery, Braden",S
695734,"Lile, Daylen",L
695735,"Willems, Creed",L
695780,"Fox, Jake",L
695930,"Bencosme, Frederick",L
696020,"Martinez, Raudelis",L
696030,"Osuna, Alejandro",L
696100,"Goodman, Hunter",R
696135,"Watson, Kahlil",L
696140,"Murray, Ethan",R
696141,"Wrobleski, Ryan",R
696142,"Taylor, Will",R
696145,"White Jr., Lonnie",R
696160,"Rucker, Jake",R
696264,"Whitaker, Tyler",R
696281,"Young, Wyatt",L
696285,"Young, Jacob",R
696286,"Diaz, Davis",R
696291,"McCants, Jordan",L
696486,"Tibbs III, James",L
696501,"Coley II, Mark",R
696513,"Garriola, Andy",R
696521,"Spain, Garrett",L
698916,"Verdugo, Rosman",R
698929,"Hernandez, Jesus",R
698933,"Hernandez, Ronald",S
698941,"Tejada, Angel",R
699013,"Valdez, Esmerlyn",R
699014,"Rodriguez, Eddy",R
699024,"Bernal, Leonardo",S
699027,"Suarez, Jose",R
699031,"Encarnacion, Anyelo",R
699053,"Espinola, Christopher",L
699061,"Doncon, Rayne",R
699073,"Liranzo, Thayron",S
699082,"Aponte, Yhoangel",R
699097,"Munoz, Yeuni",R
699114,"Balcazar, Leo",R
699115,"Jorge, Carlos",L
699126,"Barrios, Gregory",R
699127,"Castillo, Luis",L
699130,"Areinamo, Jadher",R
699144,"Ravelo, Luis",L
699157,"Liendo, Ahbram",S
699166,"Ordonez, Edgardo",L
699228,"Josepha, Jakey",L
699229,"Benua, Alexander",R
699232,"Rojas, Anderdson",L
699293,"Cuevas, Yohairo",L
699302,"Rodríguez, Héctor",L
699305,"Mosquera, Diego",R
699393,"Ramirez, Pedro",L
699471,"Melendez, Ivan",R
699475,"Daly, Mitchell",R
699615,"Pimentel, Brandon",L
699625,"Crooks, Jimmy",L
699912,"Fernandez, Jose",R
700032,"Labrada, Victor",L
700081,"Thompson, Jake",L
700164,"Betancourt, Bryant",L
700242,"Sweeney, Trey",L
700243,"Green, Payton",S
700246,"Williams, Carson",R
700250,"Rice, Ben",L
700283,"Figueroa, Derlin",L
700321,"Perez, Andy",L
700337,"Quero, Edgar",S
700341,"Castillo, Kenny",R
700358,"Cruz, Narbe",R
700652,"Piper, Kenny",R
700658,"Rotondo, Chris",R
700681,"Lorusso, Nick",R
700720,"Pino, Luis",R
700731,"Delgado, Keiner",L
700840,"Olivo, Christian",R
700845,"Zebrowski, Adam",R
700931,"Stephenson, Seth",R
700932,"Manzardo, Kyle",L
700936,"Burns, Collin",L
701158,"Kato, Kobe",L
701162,"Malgeri, Ben",R
701177,"Cimillo, Nick",R
701295,"Blackwell, Benjamin",R
701305,"Dezenzo, Zach",R
701327,"Green, Elijah",R
701350,"Anthony, Roman",L
701358,"Smith, Cam",R
701392,"Dinges, Marco",R
701394,"Ehrhard, Zach",R
701398,"Stewart, Sal",R
701401,"Brown, Canyon",R
701437,"Rudd, Jaden",L
701481,"Campos, Ryan",L
701496,"Cowles, Ben",R
701538,"Merrill, Jackson",L
701544,"Blake, Andy",R
701548,"Camarillo, Ali",R
701587,"Green Jr., Rodney",L
701616,"Lomavita, Caleb",R
701618,"Keith, Damon",R
701634,"Kokx, Connor",R
701648,"Zavala, Aaron",S
701649,"Triantos, James",R
701655,"Trimble, Reed",S
701675,"Church, Nathan",L
701678,"Lee, Hao-Yu ",R
701682,"Karpathios, Braedon",L
701689,"Honeycutt, Vance",R
701696,"Stafford, Ryan",R
701701,"Scott, Quincy",R
701762,"Kurtz, Nick",L
701778,"Avina, Jace",R
701784,"Clayton, Cam",R
701800,"Linarez, Carlos",R
701805,"Caron, Josh",R
701807,"Benge, Carson",L
701817,"Town, River",L
701831,"DeMartini, Carson",L
701860,"Cunningham, Carter",L
702068,"Gabrielson, Cole",R
702112,"Windish, Hogan",R
702114,"Faile, John Michael",R
702140,"Ibarra, Ruben",R
702176,"Roden, Alan",L
702222,"Crawford, Justin",L
702253,"Collier, Cam",L
702258,"Jones, Druw",R
702261,"Johnson, Termarr",S
702270,"Moore, Malcolm",L
702283,"Toman, Tucker",L
702284,"Young, Cole",L
702292,"Luttrell, Chase",L
702302,"Schreck, RJ",L
702311,"Zarate, Angel",L
702315,"Hostetler, Bennett",R
702328,"Stauss, Wade",L
702331,"Mendlinger, Noah",L
702332,"Durbin, Caleb",R
702333,"McGeary, Haydn",R
702358,"Lipscomb, Trey",R
702391,"Nadal, Demetrio",R
702409,"Ruiz, Jorge",L
702461,"Nicasia, Kay-Lan",L
702463,"McKeithan, Aaron",R
702467,"Specht, Tommy",L
702472,"Callahan, Austin",L
702488,"Wagner, Logan",S
702501,"Serrano III, Eli",L
702518,"Williams, Jett",R
702540,"Romero, Mikey",L
702544,"Reimer, Jacob",R
702550,"Pollard, Chandler",R
702556,"Overn, Austin",L
702574,"Mershon, David",S
702607,"Jordan, Dakota",R
702616,"Holliday, Jackson",L
702662,"Dreiling, Dylan",L
702679,"Crisantes, Demetrio",R
702685,"Cox, Brenner",L
702690,"Coffey, Cutter",R
702693,"Chourio, Jaison",S
702708,"Boyd, Emaarion",R
702726,"Adams, Luke",R
702789,"Gauthier, Austin",R
702889,"Lugo, Andy",R
702906,"Lara, Wilfredo",R
702920,"Piotto, Konner",L
702977,"Head, Dillon",L
703143,"Vaquero, Cristhian",L
703149,"Arias, Roderick",S
703150,"Cabrera, Ricky",R
703151,"Bergolla, William",L
703152,"Gutierrez, Anthony",R
703153,"Munoz, Samuel",L
703154,"De Los Santos, Yordany",R
703155,"Montes, Lazaro",L
703159,"Juan, Simon",R
703177,"Severino, Jhonny",R
703185,"Rada, Nelson",L
703194,"De Jesus, Randy",R
703197,"Arroyo, Michael",R
703198,"Gomez, Kenni",L
703202,"Arias, Leandro",S
703204,"Pineda, Esmith",R
703205,"De Leon, Fraymi",L
703245,"Sosa, Andres",R
703430,"Scull, Anthony",L
703492,"Morabito, Nick",R
703520,"Bateman, Brett",L
703601,"Clark, Max",L
703606,"Thomas, Jared",L
703607,"Bolte, Henry",R
703612,"Peoples, Nick",L
703639,"Perez, Nicolas",R
703715,"Hoffman, Wyatt",R
703766,"Harris, Dakota",R
703804,"Sanabria, Romeo",L
703920,"Womack, Alsander",R
800029,"Marte, Modeifi",R
800050,"DeLauter, Chase",L
800051,"Charles, Austin",R
800056,"Grady, Jace",S
800060,"Isaac, Xavier",L
800106,"Torres, Marcos",L
800169,"Escobar, Aroon",R
800176,"Sanchez, Carlos",L
800188,"Laverde, Dario",L
800194,"Ortiz, Capri",S
800195,"Mota, Jorgelys",R
800198,"Torin, Cristofer",R
800203,"Castillo, Kevyn",L
800209,"Suero, Estuar",S
800231,"Cho, Won-Bin",L
800232,"Baez, Luis",R
800253,"Mercedes, Jeffrey",S
800254,"Ramirez, Abrahan",L
800257,"Henriquez, Yonatan",S
800266,"Pena, Yordalin",R
800294,"Luciano, Waner",R
800306,"Luis, Jansel",S
800316,"Albertus, Alexander",R
800325,"Lara, Luis",S
800343,"Sanabria, Jose",R
800345,"Baez, Juan",R
800354,"Mejia, Esteban",R
800356,"Noria, Franyer",R
800357,"Gonzalez, Ricardo",S
800377,"Mateo, Angel",R
800385,"Gonzalez, Robert",L
800393,"Cabrera, Yeremy",L
800406,"Estrada, Aron",L
800419,"Perez, Jeral",R
800421,"Alcantara, Marvin",R
800434,"Alpuria, Jose",R
800440,"Polanco, Narciso",L
800448,"Vargas, Echedry",R
800449,"Sosa, Thomas",L
800473,"Rojas, Jefferson",R
800478,"Lemos, Kleimir",L
800506,"Sanchez, Luis",R
800508,"Montilla, Franyerber",S
800516,"Hernandez, Alberto",R
800522,"Briceño, Josue",L
800540,"Osorio, Hector",L
800542,"Pierre, Angel",R
800543,"De Paula, Josue",L
800597,"McClaughry, Nik",R
800617,"Walling, Reece",L
800683,"Rambusch, Blake",R
800685,"DiChiara, Sonny",R
800724,"Bitonti, Eric",L
800765,"Howell, Carter",R
800957,"Jones, Brendan",L
800959,"Goodwin, Nick",R
801039,"Garcia, John",R
801075,"Janek, Walker",R
801076,"Wishkoski, Justin",R
801126,"Rodden, Brock",S
801176,"Fisher, Cam",L
801194,"Anderson, Max",R
801230,"Torres, Luis",R
801256,"Gonzalez, Danny",R
801276,"Matheus, Juan",S
801406,"Dickey, Jared",L
801430,"Jobert, Brayden",L
801442,"Pineda, Jack",L
801464,"Pintar, Andrew",R
801471,"Deming, Austin",R
801501,"Furman, Nate",L
801507,"Cunningham, Jake",R
801523,"Suero, Chris",R
801525,"Mendez, Wady",L
801600,"Willits, Bryce",L
801629,"McGee, Cade",R
801670,"Boeve, Mike",L
801740,"Paz, Karell",L
801822,"Feltner, Jackson",R
801881,"Jenkins-Cowart, Jacob",L
801938,"Owusu-Asiedu, Avery",R
801978,"Moss, Callan",R
802005,"Gouldsmith, Gunner",S
802066,"Ramos, Yaisel",R
802117,"Clohisy, Patrick",L
802139,"Wetherholt, JJ",L
802353,"Martin, Christian",L
802355,"Schobel, Tanner",R
802407,"Lampe, Joe",L
802415,"Simpson, Chandler",L
802459,"Johnson, Ryan",R
802504,"Naylor, Myles",R
802506,"O'Rae, Dylan",L
802531,"Farquhar, Trent",L
802541,"Broecker, Bryan",R
802544,"Vradenburg, Brock",L
802959,"Holy, Max",R
802991,"Exposito, E.J.",R
803011,"Antonacci, Sam",L
803015,"Hartl, Ben",R
803033,"Etzel, Matthew",L
803142,"Hawke, Tommy",L
803172,"O'Ferrall, Griff",R
803174,"Stephan, Anthony",L
803175,"Anderson, Ethan",L
803241,"Escobar, Jose",L
803385,"Harry, Jay",L
803475,"Jones, Colby",R
803745,"Santana, Adrian",L
804240,"Burke, Jacob",R
804241,"Levenson, Zach",R
804446,"Micheletti Jr., Eddie",L
804588,"Alleyne, Bubba",L
804603,"Pastore, Duncan",L
804606,"Griffin, Konnor",S
804614,"Vargas, Marco",L
804645,"Connor, Caden",L
804668,"Flores, Rafael",R
804710,"Orf, Brennan",L
804858,"Rincon, Bryan",S
805058,"Marquez, Luis",R
805062,"Delgado, Joan",R
805075,"Torres, Erick",R
805126,"Szykowny, Charlie",L
805168,"Nunez, Alejandro",L
805234,"Robertson, Tyler",R
805249,"Kemp, Otto",R
805268,"Williams, Peyton",L
805280,"Iadisernia, Alex",L
805297,"Sayre, Alec",R
805300,"Marsee, Jakob",L
805319,"Ventura, Dervy",L
805339,"Clarno, Nick",R
805346,"Ross, Ben",R
805347,"Jarvis, Jim",L
805366,"Urman, Cole",R
805367,"Meidroth, Chase",R
805373,"Alvarez Jr., Nacho",R
805672,"Price, Collin",R
805701,"DiSpigna, Angelo",L
805704,"Anthony, Keaton",R
805779,"Wilson, Jacob",R
805782,"Lasko, Ryan",R
805795,"Miller, Aidan",R
805796,"Nimmala, Arjun",R
805804,"Wolkow, George",L
805808,"McGonigle, Kevin",L
805810,"Mitchell, Blake",L
805811,"Eldridge, Bryce",L
805834,"Vaz, Javier",L
805842,"Johnson, Brett",L
805865,"Lipscomb, Guy",L
805891,"Young, Taylor",R
805904,"Cole, Zach",L
805931,"Hobson, Caleb",R
805951,"Baro, Boston",L
805956,"Roberts, Kai",L
805999,"Ewing, A.J.",L
806005,"McCarty, Ryan",R
806012,"Nakawake, Taishi",R
806061,"Drake, Isaiah",L
806068,"Emerson, Colt",L
806071,"Farmelo, Jonny",L
806077,"George, Kendall",L
806146,"Lombard Jr., George",R
806152,"Martin, Walker",L
806161,"Melendez, Yahil",L
806176,"Ortiz, Jose",R
806191,"Peete, Tai",L
806198,"Pratt, Cooper",R
806210,"Rosario, Alfonsin",R
806212,"Russell, Stone",R
806223,"Smith, Aidan",R
806230,"Stafura, Sammy",R
806252,"Velazquez, Ralphy",L
806263,"Winokur, Brandon",R
806267,"Zitella, Jake",R
806273,"Retzbach, Adam",R
806367,"Hill, Turner",L
806368,"Houghton, Maddux",R
806394,"Brooks, Robert",R
806441,"Ochoa Jr., Nehomar",R
806464,"Charping, Connor",R
806534,"Gobbel, Ben",R
806611,"Villarroel, Jancel",R
806639,"Sandoval, Joshuan",R
806921,"Walther, Yannic",R
806953,"Tait, Eduardo",L
806956,"Salas, Ethan",L
806957,"Duno, Alfredo",R
806958,"Celesten, Felnin",S
806962,"Bonilla, Enmanuel",R
806963,"Mayea, Brando",R
806964,"Walcott, Sebastian",R
806965,"Caba, Starlyn",L
806980,"Cepeda, Angel",R
806983,"Rodriguez, Yophery",L
806988,"Francisca, Welbyn",R
806993,"Ramirez, German",R
806995,"Di Turi, Filippo",L
807007,"Rodriguez, Jeremy",L
807257,"Southisene, Ty",R
807267,"Dix, JD",L
807276,"Nori, Dante",L
807643,"Alcantara, Alfredo",R
807712,"Keaschall, Luke",R
807713,"Shaw, Matt",R
807714,"Trice, Carter",R
807720,"Forrester, Garret",R
807722,"Martin, Maxton",L
807727,"McAdoo, Charles",R
807728,"Graham, Carter",R
807742,"Ledbetter, Colton",L
807746,"Kern, Kade",R
807747,"Nishida, Rikuu",L
807751,"O'Donnell, Ethan",L
807759,"Mercado, Estarling",L
807799,"Yoshida, Masataka",L
807957,"Soler, Yassel",R
808083,"Alcantara, Kelvin",L
808129,"Flores, Juan",R
808236,"Alastre, Luiyin",S
808265,"Arias, Franklin",R
808267,"Monzon, Jose",L
808279,"Soto, Elian",L
808288,"Lameda, Luis",L
808291,"Rodriguez, Tyler",R
808326,"Guerrero, Pablo",R
808516,"Valor, Andres",R
808706,"Gonzalez, Asbel",R
808767,"Wegner, Jared",S
808768,"McLaughlin, Ben",L
808864,"Tello, Raider",R
808975,"Kim, Hyeseong",L
808982,"Lee, Jung Hoo",L
809244,"Madron, Bryce",L
809331,"Sanchez, Brian",L
809846,"Crenshaw, Wyatt",L
809945,"Advincula, Jonah",L
810053,"Ketchup, Caleb",R
810891,"Beshears, Jay",R
810938,"Williamson, Ben",R
811210,"Kretzschmar, Kade",L
811287,"Roccaforte, Carson",L
811289,"Nivens, Spencer",L
811312,"Riemer, Justin",R
811765,"Ortiz, Deniel",R
811965,"Kuroda-Grauer, Joshua",R
812470,"Redfield, Joe",L
813666,"Armas, Ariel",R
813841,"Cox, Jonah",R
813844,"Bush, Will",L
813852,"Paige, Trey",L
813860,"Pagliarini, Charlie",L
813883,"Ignoffo, Ryan",R
813894,"Herron, Tyler",R
813896,"Sullivan, Joseph",L
813922,"Lines, Jack",L
814091,"Wimmer, John",R
814154,"Bandura, Scott",L
814172,"Jaworsky, Chase",L
814188,"Bass, Jayson",L
814194,"McDaniel, Quinn",R
814299,"Ferreras, Pascanel",R
814307,"Hope, Zyhir",L
814362,"Rios, Alberto",R
814409,"King, Seaver",R
814413,"Petrutz, Ian",L
814430,"Callahan, Brett",L
814431,"Castillo, Jackson",L
814435,"Sharp, Jacob",R
814439,"Waldschmidt, Ryan",R
814440,"Eberly, Weston",R
814442,"Brethowr, Ivan",R
814444,"Turner, Will",L
814445,"Sprague-Lott, Jared",R
814451,"Christian, Jakob",R
814458,"Trimble, Fenwick",R
814528,"Kulasingam, Sam",R
814791,"Sundstrom, Jared",R
814806,"Riebock, Barrett",L
814816,"Tincher, Johnny",R
815039,"Dickerson, Dustin",R
815067,"Longwell, Aidan",L
815089,"Morales, Coby",L
815150,"Frederick, Carter",R
815151,"McCroskey, Mac",R
815152,"Hardy, Theo",L
815154,"Caldwell, Slade",L
815268,"Lee, Patrick",R
815299,"Verdung, Will",R
815304,"Adamczewski, Josh",L
815306,"Foster, Rio",R
815464,"Diaz, Lisbel",R
815520,"Payne, Braylon",L
815551,"Snyder, Trey",R
815589,"Davidson, Bo",L
815653,"Lewis, Tyson",L
815694,"Albrecht, Lou",R
815697,"Disla, Arturo",R
815734,"Jasso, Dylan",R
815793,"Johnson, Carter",L
815842,"Mabry, JT",R
815874,"Roselli, Nick",L
815888,"De Vries, Leo",S
815904,"Pineda, Leonardo",R
815908,"Made, Jesús",S
815915,"Lugo, Joswa",R
821171,"Fernandez, Dauri",L
821262,"Anderson, José",R
821270,"Peña, Luis",R
821657,"Rodriguez, Gabriel",L
822578,"Butterworth, Brandon",R
823295,"Thomason, Jay",L
823703,"Donofrio, Anthony",L
824028,"Miller, Gage",R
824615,"Hujsak, Connor",R
825334,"Wagner, Ethan",R
825761,"Cesarini, Ryan",L
825924,"Strong, Jackson",L
826932,"Hightower, Cobb",R
827264,"Picollo, Ryan",R
827294,"Alvarez, Edgar",L
827628,"Howe, Garrett",L
827665,"Lewis, Dillon",R
828319,"Toole, Marshall",L
828335,"Dumitru, Titus",R
828473,"Evans, Zach",R
828599,"Spence, Lucas",L
